,Class,Largest Spot Size,Spot Distribution,Activity,Evolution,24 hour flare activity,Historically-complex,Did region become historically complex on this pass across the sun's disk,Area,Area of the largest spot,Had flare
0,3,3,2,1,2,1,1,2,1,2,0
1,4,3,2,1,3,1,1,2,1,2,0
2,3,3,2,1,3,1,1,2,1,1,0
3,4,3,2,1,3,1,1,2,1,2,0
4,4,4,2,1,3,1,1,2,1,2,0
5,4,4,2,1,2,1,1,2,1,2,0
6,4,4,2,1,2,1,1,2,1,1,0
7,4,4,2,1,2,1,1,2,1,2,0
8,4,6,2,1,3,1,1,2,1,2,0
9,3,2,2,1,3,1,1,2,1,1,0
10,2,1,2,1,3,1,1,2,1,1,0
11,4,3,2,1,2,1,1,2,1,1,0
12,3,5,3,1,3,1,1,2,1,2,0
13,4,2,2,1,3,1,1,2,1,1,0
14,2,1,2,1,2,1,1,2,1,1,0
15,2,1,2,1,3,1,1,2,1,1,0
16,4,6,3,1,3,1,1,2,1,2,0
17,4,3,2,1,2,1,1,2,1,2,0
18,4,2,2,1,2,1,1,2,1,1,0
19,3,4,3,1,2,1,1,2,1,2,0
20,3,3,2,1,2,1,1,2,1,1,0
21,2,1,2,1,3,1,1,2,1,1,0
22,6,6,3,1,3,1,2,2,1,2,0
23,2,1,2,1,2,1,1,2,1,1,0
24,7,2,1,1,2,1,1,1,1,2,0
25,2,1,3,1,3,1,1,2,1,1,0
26,3,2,3,1,3,1,1,2,1,2,0
27,2,1,2,1,3,1,1,2,1,1,0
28,2,1,2,1,3,1,1,2,1,2,0
29,4,4,3,1,3,1,2,2,1,2,0
30,4,4,2,1,3,1,1,2,1,2,1
31,2,1,2,1,3,1,1,2,1,1,0
32,4,4,3,1,3,1,1,2,1,2,0
33,2,1,2,1,3,1,1,2,1,2,0
34,4,2,2,1,3,1,1,2,1,2,0
35,4,4,2,1,2,1,1,2,1,1,0
36,3,4,3,1,3,1,1,2,1,1,0
37,4,4,3,1,2,1,2,2,1,1,1
38,4,4,3,2,2,3,1,2,1,2,0
39,4,4,3,1,2,1,2,2,1,2,0
40,2,1,2,1,3,1,1,2,1,1,0
41,4,2,2,1,1,1,1,2,1,1,0
42,4,4,3,1,2,1,1,2,1,1,0
43,4,3,2,1,1,1,1,2,1,1,0
44,4,3,3,1,3,1,1,2,1,1,0
45,4,4,3,1,3,1,2,2,1,2,1
46,4,4,3,2,3,1,2,2,1,1,0
47,4,4,3,1,2,1,2,2,1,1,0
48,2,1,2,1,2,1,1,2,1,1,0
49,4,3,2,1,3,1,2,2,1,2,0
50,4,3,2,1,3,1,1,2,1,1,0
51,2,1,2,1,3,1,1,2,1,1,0
52,4,4,2,1,3,1,2,2,1,2,0
53,4,6,4,2,3,1,2,2,1,2,1
54,4,4,3,1,3,1,2,2,1,2,0
55,2,1,2,1,3,1,1,2,1,1,0
56,4,4,2,1,3,1,2,2,1,2,0
57,4,3,3,1,3,1,1,2,1,1,0
58,4,6,4,1,2,1,1,2,1,2,0
59,4,4,3,1,2,1,1,2,1,2,0
60,2,1,2,1,3,1,1,2,1,1,0
61,4,3,2,1,2,1,2,2,1,2,0
62,4,6,4,2,3,3,2,2,1,2,1
63,5,6,3,2,3,1,2,2,1,2,0
64,4,3,3,1,3,1,2,2,1,2,1
65,3,3,2,1,2,1,2,2,1,2,0
66,4,3,3,1,3,1,2,2,1,2,0
67,7,5,1,1,2,1,2,2,1,1,1
68,4,3,3,1,3,1,2,2,1,2,0
69,2,1,2,1,3,1,1,2,1,1,0
70,2,1,2,1,3,1,1,2,1,1,0
71,3,2,2,1,3,1,1,2,1,1,0
72,7,3,1,1,2,1,1,1,1,2,0
73,4,4,2,1,2,1,2,2,1,2,0
74,4,6,4,2,2,3,2,2,1,2,0
75,4,6,3,1,3,1,2,2,1,2,1
76,4,3,3,1,2,1,2,2,1,1,1
77,3,4,2,1,2,1,2,2,1,2,0
78,4,3,2,1,1,1,2,2,1,2,0
79,7,3,1,1,3,1,2,2,1,2,0
80,4,6,3,1,3,1,2,2,1,2,0
81,7,2,1,1,2,1,1,2,1,2,0
82,2,1,2,1,2,1,1,2,1,1,0
83,7,3,1,1,3,1,1,1,1,2,0
84,3,3,2,1,1,1,2,2,1,2,0
85,4,6,4,2,2,3,2,2,1,2,0
86,4,4,3,1,2,1,2,2,1,2,0
87,3,3,2,2,2,1,2,2,1,1,0
88,3,3,2,1,2,1,2,2,1,2,0
89,3,3,2,1,2,1,2,2,1,2,0
90,3,3,2,2,3,1,2,2,1,2,0
91,4,6,3,1,3,1,2,2,1,2,1
92,7,2,1,1,2,1,1,2,1,2,0
93,7,3,1,1,3,1,1,1,1,2,0
94,3,3,2,1,2,1,1,2,1,2,1
95,3,6,2,1,2,3,2,2,1,2,0
96,3,3,2,1,1,3,2,2,1,2,0
97,3,3,2,1,1,1,2,2,1,2,0
98,3,6,3,1,3,1,2,2,1,2,0
99,5,4,4,1,3,1,2,2,1,2,0
100,7,2,1,1,2,1,1,2,1,2,0
101,7,3,1,1,2,1,1,1,1,2,0
102,7,2,1,1,2,1,1,2,1,2,0
103,7,3,1,2,2,1,1,2,1,2,0
104,2,1,2,1,3,1,1,2,1,2,0
105,3,3,3,1,2,1,2,2,1,2,0
106,7,3,1,1,1,1,2,2,1,2,1
107,4,6,4,1,3,3,2,2,1,2,1
108,4,4,3,2,2,3,2,2,1,2,0
109,7,3,1,1,2,1,1,2,1,2,0
110,2,1,2,1,2,1,1,2,1,1,0
111,3,3,3,2,3,3,1,2,1,1,1
112,3,3,2,1,1,1,1,2,1,2,1
113,7,6,1,2,2,3,2,2,1,2,0
114,4,6,3,1,3,1,2,2,1,2,0
115,7,4,1,1,3,1,1,2,1,2,0
116,3,2,2,1,1,1,1,2,1,2,0
117,3,2,2,1,3,1,1,2,1,2,0
118,2,1,2,1,3,1,1,2,1,1,0
119,2,1,2,1,3,1,1,2,1,1,1
120,7,6,1,1,3,1,2,2,1,2,0
121,3,6,3,1,3,1,2,2,1,2,0
122,7,3,1,1,2,1,1,2,1,2,0
123,2,1,2,1,3,1,1,2,1,1,0
124,3,2,3,2,3,3,1,2,1,2,0
125,7,2,1,1,2,3,1,2,1,2,0
126,2,1,2,1,3,1,1,2,1,1,0
127,4,2,2,1,3,1,1,2,1,2,0
128,7,6,1,1,2,1,2,2,1,2,0
129,4,6,3,1,2,1,2,2,1,2,0
130,7,5,1,1,3,1,1,2,1,2,0
131,2,1,3,1,3,1,1,2,1,1,0
132,2,1,2,1,3,1,1,2,1,1,0
133,2,1,3,1,3,1,1,2,1,1,0
134,4,2,2,2,2,1,1,2,1,2,1
135,7,4,1,1,3,1,2,2,1,2,0
136,3,6,2,1,2,1,2,2,1,2,0
137,7,3,1,1,2,1,1,2,1,2,0
138,2,1,2,1,2,1,1,2,1,1,0
139,2,1,2,1,2,1,1,2,1,1,1
140,3,2,2,1,3,1,1,2,1,1,0
141,2,1,3,1,3,1,1,2,1,1,0
142,3,4,2,1,3,1,2,2,1,2,0
143,3,6,3,1,2,1,2,2,1,2,0
144,7,3,1,1,2,1,1,2,1,2,0
145,4,3,3,1,3,1,1,2,1,1,0
146,2,1,2,1,2,1,1,2,1,1,0
147,2,1,2,2,2,1,1,2,1,1,0
148,7,3,1,1,2,1,1,1,1,2,0
149,7,4,1,1,3,1,1,2,1,2,0
150,3,6,3,1,3,1,2,2,1,2,1
151,2,1,2,1,3,1,1,2,1,2,0
152,7,3,1,1,3,1,1,1,1,2,0
153,3,3,2,1,3,1,1,2,1,2,1
154,3,4,3,1,3,1,1,2,1,2,0
155,7,3,1,1,3,1,1,1,1,2,0
156,4,3,2,1,3,1,1,2,1,2,1
157,3,3,2,1,2,3,2,2,1,2,0
158,2,1,2,1,2,1,1,2,1,1,0
159,7,3,1,1,2,1,1,1,1,2,0
160,3,3,2,1,3,1,1,2,1,2,0
161,3,3,2,1,3,1,1,2,1,2,0
162,7,4,1,1,3,1,1,1,1,2,1
163,2,1,2,2,1,1,1,2,1,1,1
164,7,2,1,1,2,1,1,1,1,2,0
165,3,3,2,2,2,1,2,2,1,2,1
166,7,3,1,1,3,1,1,1,1,2,0
167,7,3,1,2,2,3,1,2,1,2,0
168,3,3,2,1,2,1,1,2,1,2,0
169,3,4,3,1,3,1,1,2,1,2,0
170,5,3,3,1,3,1,1,2,1,2,1
171,2,1,2,1,2,1,1,2,1,1,0
172,4,3,2,1,2,1,1,2,1,2,1
173,3,3,2,1,1,1,2,2,1,2,0
174,3,3,2,1,2,1,1,2,1,2,0
175,7,3,1,1,1,1,1,2,1,2,0
176,3,3,2,1,2,1,1,2,1,2,0
177,3,3,3,2,2,1,1,2,1,2,0
178,4,3,2,1,2,1,2,2,1,2,1
179,4,3,2,1,3,1,1,2,1,2,1
180,2,1,2,1,3,1,1,2,1,2,0
181,3,4,2,1,3,1,1,2,1,2,0
182,3,3,2,1,3,1,1,2,1,2,0
183,3,2,3,1,3,1,1,2,1,2,0
184,2,1,2,1,2,3,2,2,1,2,0
185,2,1,3,2,3,1,1,2,1,2,1
186,4,5,2,1,2,1,1,2,1,2,0
187,7,3,1,1,1,1,1,2,1,2,0
188,7,2,1,1,2,1,1,2,1,2,0
189,7,4,1,1,2,1,1,2,1,2,0
190,3,2,3,1,2,1,1,2,1,2,0
191,3,2,2,2,1,1,1,2,1,2,0
192,4,6,2,1,3,1,1,2,1,2,1
193,4,2,2,1,2,1,1,2,1,2,0
194,7,3,1,1,2,1,1,2,1,2,0
195,2,1,2,1,2,1,1,2,1,1,0
196,2,1,3,1,3,1,1,2,1,2,0
197,2,1,2,1,3,1,1,2,1,1,0
198,3,3,2,1,3,1,1,2,1,2,1
199,4,4,3,1,3,1,1,2,1,2,0
200,2,1,2,1,3,1,1,2,1,2,1
201,2,1,2,1,2,1,1,2,1,2,0
202,2,1,3,1,3,1,1,2,1,1,0
203,2,1,3,1,3,1,1,2,1,1,0
204,4,4,3,1,3,1,1,2,1,2,0
205,3,5,3,2,3,1,1,2,1,2,0
206,4,6,2,1,3,1,2,2,1,2,1
207,2,1,2,1,3,1,1,2,1,2,1
208,3,6,3,1,3,1,1,2,1,1,0
209,3,4,2,1,2,1,1,2,1,2,0
210,4,4,3,1,2,1,1,2,1,2,0
211,2,1,2,1,3,1,1,2,1,2,0
212,2,1,3,1,3,1,1,2,1,2,0
213,2,1,2,1,3,1,1,2,1,2,1
214,2,1,3,1,2,1,2,2,1,2,0
215,2,1,3,1,3,1,1,2,1,1,0
216,3,4,3,1,3,1,2,2,1,2,0
217,3,5,3,2,2,3,1,2,1,2,1
218,6,6,3,1,2,1,2,2,1,2,1
219,3,2,2,1,2,3,1,2,1,2,0
220,5,4,2,1,2,1,1,2,1,2,0
221,3,3,2,1,1,1,1,2,1,2,0
222,4,4,3,1,3,1,2,2,1,2,0
223,2,1,2,2,3,1,1,2,1,2,1
224,3,2,2,1,3,1,1,2,1,2,0
225,4,3,3,1,2,1,2,2,1,2,0
226,7,4,1,1,3,1,1,1,1,2,0
227,2,1,2,1,2,1,1,2,1,1,0
228,3,4,2,1,3,1,2,2,1,2,0
229,4,5,3,1,3,1,1,2,1,2,0
230,6,4,3,2,3,1,2,2,1,2,0
231,5,6,2,1,3,1,1,2,1,2,1
232,7,3,1,1,3,1,1,2,1,2,0
233,4,6,4,1,3,1,2,2,1,2,0
234,2,1,2,1,3,1,1,2,1,1,0
235,2,1,2,2,2,3,1,2,1,1,0
236,4,4,3,1,3,1,1,2,1,2,0
237,3,4,3,1,3,1,2,2,1,2,0
238,7,2,1,1,2,1,1,1,1,2,0
239,3,2,2,1,1,1,2,2,1,1,0
240,4,5,3,2,3,3,2,2,1,2,0
241,5,6,3,2,2,3,2,2,1,2,1
242,5,6,3,1,3,1,1,2,1,2,0
243,3,3,2,1,2,1,1,2,1,2,0
244,4,6,4,1,3,1,2,2,1,2,1
245,2,1,2,1,3,1,1,2,1,1,0
246,2,1,2,2,2,3,1,2,1,1,0
247,4,3,2,1,3,1,2,2,1,2,0
248,7,2,1,1,3,1,1,2,1,2,0
249,7,4,1,1,3,1,2,2,1,2,0
250,7,2,1,1,2,1,1,1,1,2,0
251,7,3,1,1,3,1,1,2,1,2,0
252,3,2,3,1,3,1,1,2,1,2,0
253,3,5,3,1,2,1,2,2,1,2,1
254,6,4,3,1,3,1,2,2,1,2,1
255,5,6,3,2,3,1,2,2,1,2,0
256,7,3,1,1,2,1,1,2,1,2,0
257,4,6,4,1,3,1,2,2,1,2,1
258,4,3,3,1,3,1,2,2,1,2,0
259,7,4,1,1,3,1,2,2,1,2,1
260,7,2,1,1,2,1,1,1,1,1,0
261,7,3,1,1,2,1,1,2,1,2,0
262,2,1,2,1,3,1,1,2,1,2,0
263,3,5,2,1,2,1,2,2,1,2,0
264,6,4,3,2,3,3,2,2,1,2,1
265,5,6,4,1,3,1,2,2,1,2,1
266,3,3,2,1,3,1,1,2,1,2,0
267,4,6,4,2,3,1,2,2,2,2,1
268,3,3,2,1,2,1,2,2,1,2,0
269,3,2,2,1,2,1,2,2,1,1,0
270,2,1,2,1,3,1,1,2,1,1,0
271,7,2,1,1,3,1,1,2,1,2,0
272,5,4,3,1,3,1,1,2,1,2,0
273,2,1,2,1,2,1,1,2,1,1,0
274,7,3,1,2,3,1,2,2,1,2,0
275,5,4,3,2,2,3,2,2,1,2,0
276,5,6,3,1,2,1,2,2,1,2,1
277,7,3,1,1,3,1,1,2,1,2,0
278,4,6,4,2,3,3,2,2,2,2,1
279,3,3,3,1,2,1,2,2,1,1,0
280,2,1,2,1,3,1,1,2,1,1,0
281,5,4,3,1,3,1,2,2,1,2,0
282,2,1,2,1,3,1,1,2,1,1,0
283,7,6,1,1,2,1,2,2,1,2,0
284,6,6,3,1,3,3,2,2,2,2,0
285,5,4,3,2,2,3,2,2,1,2,1
286,7,5,1,1,3,1,1,2,1,2,0
287,4,6,4,2,2,1,2,2,2,2,1
288,3,4,2,1,3,1,2,2,1,2,0
289,5,6,3,1,3,1,1,2,1,2,0
290,7,3,1,1,2,1,2,2,1,2,0
291,6,3,2,1,2,1,2,2,1,2,0
292,5,4,3,2,2,1,2,2,1,2,1
293,7,3,1,1,2,1,1,2,1,2,0
294,4,6,4,2,2,3,2,2,2,2,1
295,7,3,1,1,1,1,2,2,1,2,0
296,5,3,3,1,3,1,1,2,1,2,0
297,7,3,1,1,2,1,2,2,1,2,0
298,6,3,2,1,2,1,2,2,1,2,0
299,5,3,2,2,2,3,2,2,1,2,1
300,7,3,1,1,2,1,1,2,1,2,0
301,4,6,4,2,2,1,2,2,2,2,1
302,7,3,1,1,2,1,2,2,1,2,0
303,3,3,2,1,2,1,2,2,1,2,0
304,2,1,2,1,3,1,1,2,1,1,0
305,2,1,2,1,3,1,1,2,1,1,0
306,7,3,1,1,3,1,1,1,1,2,0
307,7,3,1,1,2,1,2,2,1,2,0
308,5,4,2,2,3,1,2,2,1,2,0
309,7,3,1,1,3,1,1,2,1,2,0
310,4,6,4,2,2,3,2,2,2,2,1
311,7,3,1,1,3,1,2,2,1,2,0
312,3,4,2,1,2,1,2,2,1,2,0
313,4,4,2,1,3,1,1,2,1,2,0
314,4,3,2,1,3,1,1,2,1,2,0
315,3,3,2,1,1,3,2,2,1,2,0
316,7,3,1,1,2,1,1,2,1,2,0
317,4,6,4,2,3,3,2,2,2,2,0
318,3,2,2,1,2,1,2,2,1,2,0
319,4,2,2,1,3,1,1,2,1,2,0
320,5,4,2,1,3,1,1,2,1,2,0
321,3,2,2,1,3,1,1,2,1,1,0
322,5,6,4,1,3,1,1,2,2,2,1
323,7,4,1,1,3,1,1,1,1,1,0
324,4,2,2,1,3,1,1,2,1,1,0
325,3,3,2,1,3,1,1,2,1,1,0
326,7,2,1,1,2,1,1,1,1,1,0
327,7,3,1,1,1,1,1,2,1,1,0
328,3,4,2,1,2,1,1,2,1,1,0
329,2,1,2,1,3,1,1,2,1,1,0
330,3,4,2,1,3,1,1,2,1,1,0
331,3,4,2,1,2,1,1,2,1,1,1
332,2,1,2,1,3,1,1,2,1,1,0
333,3,4,2,1,2,1,1,2,1,1,0
334,2,1,2,1,3,1,1,2,1,1,0
335,2,1,3,1,2,1,1,2,1,1,0
336,3,3,2,2,2,1,1,2,1,1,0
337,2,1,2,1,3,1,1,2,1,1,0
338,2,1,2,1,2,1,1,2,1,1,0
339,4,2,3,1,3,1,1,2,1,1,1
340,7,3,1,1,3,1,1,2,1,1,0
341,2,1,2,1,2,1,1,2,1,1,0
342,2,1,2,1,2,1,2,2,1,1,0
343,7,3,1,1,2,1,1,2,1,1,0
344,2,1,2,1,3,1,1,2,1,1,0
345,2,1,2,2,2,1,2,2,1,1,0
346,3,2,2,1,3,1,1,2,1,1,1
347,2,1,2,1,2,1,2,2,1,1,0
348,2,1,2,1,3,1,1,2,1,1,0
349,4,4,3,2,3,1,1,2,1,1,1
350,2,1,2,1,3,1,1,2,1,1,0
351,4,2,2,1,3,1,1,2,1,1,0
352,2,1,2,1,3,1,1,2,1,1,0
353,2,1,2,1,1,1,2,2,1,1,0
354,2,1,2,1,1,1,1,2,1,1,0
355,3,2,3,2,1,1,2,2,1,1,0
356,2,1,2,1,3,1,1,2,1,1,0
357,4,2,3,1,3,1,2,2,1,1,0
358,2,1,2,1,2,1,1,2,1,1,0
359,3,2,2,1,3,1,1,2,1,1,0
360,5,4,4,1,3,1,1,2,1,1,1
361,7,4,1,1,2,1,1,1,1,1,1
362,2,1,2,1,2,1,2,2,1,1,1
363,2,1,2,1,3,1,1,2,1,1,0
364,2,1,2,1,2,1,1,2,1,1,0
365,4,6,3,2,3,1,2,2,1,1,1
366,5,4,3,2,2,1,1,2,1,1,1
367,4,4,3,1,3,1,2,2,1,1,0
368,2,1,2,1,3,1,1,2,1,1,0
369,7,2,1,1,2,1,1,2,1,1,0
370,3,2,2,1,2,1,1,2,1,1,0
371,4,4,2,2,3,3,2,2,1,1,1
372,5,3,2,2,3,1,2,2,1,1,1
373,3,2,2,1,3,1,1,2,1,1,0
374,5,3,3,2,3,1,2,2,1,1,0
375,3,2,2,1,3,1,1,2,1,1,0
376,4,4,3,2,3,1,2,2,1,1,0
377,5,4,3,2,3,1,2,2,1,1,1
378,7,3,1,1,3,1,1,1,1,1,0
379,4,4,2,1,3,1,1,2,1,1,1
380,4,2,2,1,3,1,1,2,1,1,1
381,4,3,2,1,3,1,2,2,1,1,0
382,2,1,2,1,2,1,1,2,1,1,0
383,4,4,3,2,2,1,2,2,1,1,0
384,5,4,3,2,3,3,2,2,1,1,1
385,7,3,1,1,1,1,1,1,1,1,0
386,4,3,3,2,3,1,1,2,1,1,0
387,4,3,2,2,3,2,1,2,1,1,1
388,4,2,2,1,3,1,1,2,1,1,0
389,4,3,2,1,3,1,2,2,1,1,0
390,4,3,2,1,3,1,1,2,1,1,0
391,4,3,2,1,2,1,2,2,1,1,0
392,5,6,4,2,3,3,2,2,2,1,1
393,7,2,1,1,3,1,1,1,1,1,0
394,4,4,2,1,2,1,2,2,1,1,1
395,3,3,3,1,3,1,1,2,1,1,1
396,3,3,2,1,2,1,1,2,1,1,0
397,2,1,2,1,3,1,1,2,1,1,1
398,2,1,2,1,3,1,1,2,1,1,0
399,4,3,2,1,2,1,2,2,1,1,1
400,4,4,3,1,3,1,1,2,1,1,0
401,4,3,2,1,2,1,2,2,1,1,0
402,6,6,4,2,3,1,2,2,2,1,0
403,4,4,3,1,3,1,2,2,1,1,0
404,3,2,2,1,2,1,1,2,1,1,0
405,3,2,2,1,3,1,1,2,1,1,0
406,2,1,2,1,3,1,1,2,1,1,1
407,4,3,2,1,2,1,2,2,1,1,0
408,7,4,1,1,2,1,2,2,1,1,0
409,4,4,2,1,3,1,2,2,1,1,0
410,6,6,4,2,2,1,2,2,1,1,1
411,4,3,3,2,2,1,2,2,1,1,0
412,2,1,2,1,2,1,1,2,1,1,0
413,3,2,2,1,3,1,1,2,1,1,0
414,2,1,2,1,3,1,1,2,1,1,1
415,2,1,2,1,3,1,1,2,1,1,0
416,4,3,2,1,2,1,1,2,1,1,1
417,7,2,1,1,2,1,2,2,1,1,0
418,7,4,1,1,2,1,2,2,1,1,0
419,3,3,2,1,2,1,2,2,1,1,0
420,6,4,3,1,2,1,2,2,2,1,1
421,4,3,2,1,2,1,2,2,1,1,1
422,3,2,2,1,2,1,1,2,1,1,0
423,4,4,4,2,3,1,1,2,1,1,1
424,2,1,2,1,1,1,1,2,1,1,0
425,5,4,3,2,3,1,1,2,1,1,1
426,7,4,1,1,2,1,2,2,1,1,0
427,3,3,2,1,3,1,2,2,1,1,1
428,6,4,4,2,3,1,2,2,2,1,1
429,4,3,2,1,2,1,2,2,1,1,0
430,4,4,3,2,3,1,2,2,1,1,1
431,2,1,2,1,3,1,1,2,1,1,0
432,5,4,3,2,3,1,2,2,1,1,0
433,4,3,2,2,3,1,2,2,1,1,0
434,6,4,3,2,2,1,2,2,1,1,1
435,7,3,1,1,1,1,2,2,1,1,1
436,4,4,3,2,2,1,2,2,1,1,0
437,2,1,2,1,2,1,1,2,1,1,0
438,5,3,3,2,2,1,2,2,1,1,0
439,7,3,1,1,2,1,1,1,1,1,0
440,6,4,4,2,2,1,2,2,1,1,1
441,7,3,1,1,2,1,2,2,1,1,0
442,5,4,2,1,2,1,2,2,1,1,1
443,5,4,3,1,2,1,2,2,1,1,1
444,2,1,2,1,3,1,1,2,1,1,0
445,3,3,2,1,3,1,1,2,1,1,1
446,7,3,1,1,2,1,2,2,1,1,0
447,6,4,3,2,2,1,2,2,1,1,0
448,5,4,2,1,2,1,2,2,1,1,0
449,5,3,3,1,2,1,2,2,1,1,0
450,5,4,2,1,3,1,1,2,1,1,1
451,7,3,1,1,2,1,1,1,1,1,0
452,5,3,2,1,1,1,2,2,1,1,0
453,5,3,3,2,3,1,2,2,1,1,0
454,3,3,2,2,2,1,1,2,1,1,1
455,5,3,2,1,2,1,1,2,1,1,0
456,5,4,3,1,2,1,2,2,1,1,0
457,7,3,1,1,2,1,1,2,1,1,1
458,5,4,2,1,3,1,1,2,1,1,0
459,7,5,1,1,2,1,1,1,1,1,0
460,2,1,2,1,3,1,1,2,1,1,0
461,3,2,2,1,3,1,1,2,1,1,0
462,5,3,3,1,2,1,2,2,1,1,0
463,3,3,2,2,3,1,1,2,1,1,0
464,5,3,2,1,3,1,1,2,1,1,0
465,7,5,1,1,3,1,1,1,1,1,0
466,2,1,2,1,3,1,1,2,1,1,0
467,7,3,1,1,2,1,1,1,1,1,1
468,2,1,2,1,3,1,1,2,1,1,0
469,3,2,2,1,2,1,1,2,1,1,1
470,4,2,2,1,2,1,1,2,1,1,0
471,5,3,2,1,2,1,2,2,1,1,0
472,3,3,2,2,2,1,1,2,1,1,0
473,5,3,2,1,3,1,1,2,1,1,0
474,3,5,2,1,3,1,1,2,1,1,0
475,2,1,2,1,1,1,1,2,1,1,0
476,7,3,1,1,2,1,1,1,1,1,0
477,2,1,2,1,3,1,1,2,1,1,0
478,5,2,4,2,3,1,1,2,1,1,0
479,4,2,3,1,3,1,1,2,1,1,0
480,7,3,1,1,1,1,2,2,1,1,0
481,3,3,2,1,2,1,1,2,1,1,0
482,5,3,2,1,2,1,1,2,1,1,1
483,3,6,2,1,2,1,1,2,1,1,1
484,7,3,1,2,2,1,1,1,1,1,0
485,2,1,2,1,2,1,1,2,1,1,0
486,5,6,4,1,3,1,2,2,1,1,1
487,5,4,3,1,3,1,2,2,1,1,0
488,3,2,2,1,3,1,1,2,1,1,0
489,7,2,1,1,1,1,2,2,1,1,0
490,7,3,1,1,2,1,1,2,1,1,0
491,5,3,2,1,2,1,1,2,1,1,0
492,3,3,2,1,3,1,1,2,1,1,0
493,7,3,1,1,2,1,1,1,1,1,0
494,5,6,4,1,3,1,2,2,2,1,1
495,5,2,2,1,3,1,2,2,2,1,0
496,7,3,1,1,3,1,1,1,1,1,0
497,7,3,1,1,1,1,1,2,1,1,0
498,4,3,2,2,2,1,1,2,1,1,0
499,3,3,2,2,1,1,1,2,1,1,0
500,7,3,1,1,1,1,1,1,1,1,0
501,2,1,2,1,3,1,1,2,1,1,0
502,5,4,4,2,1,3,2,2,1,1,1
503,5,4,2,1,1,1,2,2,1,1,1
504,7,2,1,1,3,1,1,2,1,1,0
505,7,3,1,1,2,1,1,1,1,1,0
506,7,3,1,1,2,1,1,1,1,1,0
507,7,3,1,1,3,1,1,2,1,1,0
508,7,3,1,1,3,1,1,2,1,1,1
509,7,5,1,1,3,1,1,2,1,1,0
510,7,3,1,1,3,1,1,1,1,1,0
511,6,6,4,2,3,3,2,2,2,1,1
512,5,4,2,2,2,1,2,2,1,1,1
513,4,3,2,1,3,1,1,2,1,1,1
514,7,3,1,1,3,1,1,1,1,1,0
515,3,3,2,1,3,1,1,2,1,1,0
516,7,3,1,1,2,1,1,2,1,1,0
517,7,3,1,1,2,1,1,2,1,1,0
518,3,5,2,1,3,1,1,2,1,1,1
519,2,1,2,1,1,1,1,2,1,1,0
520,6,6,4,2,3,1,2,2,2,1,0
521,5,4,2,2,2,1,2,2,1,1,0
522,4,3,3,1,3,1,1,2,1,1,0
523,7,3,1,1,3,1,1,1,1,1,0
524,3,2,3,1,3,1,1,2,1,1,0
525,4,4,2,1,3,1,1,2,1,1,1
526,7,3,1,1,2,1,1,2,1,1,0
527,3,3,2,2,3,1,1,2,1,1,1
528,3,3,2,1,2,1,1,2,1,1,0
529,6,6,3,2,2,1,2,2,2,1,1
530,5,2,2,2,2,1,2,2,1,1,0
531,3,2,3,1,3,1,1,2,1,1,0
532,4,2,2,1,3,1,1,2,1,1,0
533,4,4,3,1,3,1,1,2,1,1,1
534,4,3,2,1,3,1,1,2,1,1,1
535,3,3,2,1,3,1,1,2,1,1,0
536,7,3,1,1,1,1,1,2,1,1,0
537,7,3,1,2,2,1,1,2,1,1,0
538,6,4,3,1,2,1,2,2,1,1,1
539,3,2,3,1,3,1,1,2,1,1,1
540,4,3,2,1,3,1,1,2,1,1,0
541,3,3,3,2,2,1,2,2,1,1,0
542,4,4,2,2,3,1,1,2,1,1,0
543,3,3,2,1,2,1,1,2,1,1,1
544,7,3,1,1,2,1,1,2,1,1,0
545,7,3,1,1,3,1,1,2,1,1,0
546,6,4,3,2,2,1,2,2,1,1,1
547,4,2,3,2,2,1,1,2,1,1,0
548,4,4,3,1,3,1,1,2,1,1,0
549,4,4,2,2,2,3,2,2,1,1,0
550,4,4,2,1,2,1,1,2,1,1,0
551,4,2,2,1,3,1,1,2,1,1,1
552,7,3,1,1,2,1,1,2,1,1,0
553,7,3,1,1,2,1,1,2,1,1,0
554,6,6,3,2,3,1,2,2,2,1,1
555,4,4,3,1,2,1,2,2,1,1,0
556,4,4,3,1,3,1,2,2,1,1,0
557,2,1,3,1,2,1,2,2,1,1,1
558,4,4,2,1,3,1,1,2,1,1,0
559,4,4,2,2,3,1,1,2,1,1,0
560,3,2,2,1,3,1,1,2,1,1,0
561,2,1,2,1,3,1,1,2,1,1,1
562,2,1,2,1,2,1,1,2,1,1,0
563,7,3,1,1,3,1,1,2,1,1,0
564,7,3,1,1,2,1,1,2,1,1,0
565,6,6,3,2,2,3,2,2,1,1,0
566,4,2,4,1,3,1,2,2,1,1,1
567,4,4,3,1,2,1,2,2,1,1,0
568,7,3,1,1,1,1,2,2,1,1,0
569,4,4,2,1,2,1,1,2,1,1,0
570,4,4,2,2,3,1,1,2,1,1,0
571,4,2,2,1,2,1,1,2,1,1,0
572,2,1,2,1,2,1,1,2,1,1,0
573,3,2,2,1,2,1,1,2,1,1,0
574,2,1,3,1,3,1,1,2,1,1,0
575,7,2,1,1,2,1,1,1,1,1,0
576,7,3,1,1,2,1,1,1,1,1,0
577,6,3,2,1,1,1,2,2,1,1,0
578,4,2,3,2,2,1,2,2,1,1,0
579,3,2,2,1,2,1,2,2,1,1,1
580,7,4,1,2,3,2,2,2,1,1,0
581,7,4,1,1,2,1,1,2,1,1,0
582,4,4,3,1,2,1,1,2,1,1,0
583,7,3,1,1,1,1,1,2,1,1,0
584,4,2,2,1,3,1,1,2,1,1,0
585,4,2,2,1,3,1,1,2,1,1,0
586,3,2,2,1,3,1,1,2,1,1,0
587,7,3,1,1,2,1,2,1,1,1,0
588,3,2,2,1,3,1,1,2,1,1,0
589,4,2,2,1,3,1,1,2,1,1,0
590,3,2,2,1,1,1,2,2,1,1,0
591,7,3,1,1,2,1,2,2,1,1,0
592,7,4,1,1,3,1,1,2,1,1,0
593,4,3,3,1,2,1,2,2,1,1,1
594,2,1,2,1,3,1,1,2,1,1,0
595,2,1,3,1,3,1,1,2,1,1,0
596,4,3,3,1,3,1,1,2,1,1,0
597,7,2,1,1,3,1,1,2,1,1,0
598,7,4,1,1,2,1,2,1,1,1,0
599,7,2,1,1,2,1,1,2,1,1,0
600,2,1,2,1,3,1,1,2,1,1,0
601,2,1,2,1,3,1,1,2,1,1,0
602,2,1,2,1,3,1,1,2,1,1,0
603,3,3,2,1,2,1,2,2,1,1,0
604,2,1,2,2,1,1,2,2,1,1,0
605,7,2,1,1,2,1,2,2,1,1,0
606,4,2,2,1,1,1,1,2,1,1,0
607,4,3,2,1,2,1,2,2,1,1,0
608,2,1,2,1,2,1,1,2,1,1,0
609,3,2,2,1,1,1,1,2,1,1,0
610,3,2,2,1,2,1,2,2,1,1,0
611,3,2,2,1,3,1,1,2,1,1,0
612,3,4,2,1,3,1,2,2,1,1,0
613,7,3,1,1,3,1,1,2,1,1,0
614,3,2,2,1,3,1,1,2,1,1,0
615,7,2,1,1,1,1,1,2,1,1,0
616,3,2,3,1,3,1,1,2,1,1,1
617,4,4,2,1,3,1,2,2,1,1,0
618,2,1,2,1,3,1,1,2,1,1,0
619,7,2,1,1,3,1,1,2,1,1,0
620,3,3,2,2,2,3,2,2,1,1,1
621,7,2,1,1,3,1,1,2,1,1,0
622,3,2,2,1,2,1,2,2,1,1,0
623,3,2,2,1,2,1,1,2,1,1,0
624,7,4,1,1,2,1,2,2,1,1,0
625,3,2,2,1,3,1,1,2,1,1,0
626,2,1,2,1,3,1,1,2,1,1,0
627,4,2,3,1,3,1,1,2,1,1,1
628,7,4,1,1,2,1,2,2,1,1,1
629,3,2,2,1,3,1,1,2,1,1,0
630,7,3,1,1,3,1,2,2,1,1,0
631,2,1,2,1,2,1,1,2,1,1,0
632,7,3,1,1,2,1,1,2,1,1,0
633,3,3,2,1,2,1,2,2,1,1,0
634,3,2,2,1,1,1,1,2,1,1,0
635,7,2,1,1,3,1,1,2,1,1,0
636,5,4,3,2,3,1,2,2,1,1,1
637,4,2,3,1,2,1,2,2,1,1,0
638,3,2,2,1,2,1,1,2,1,1,0
639,2,1,2,1,3,1,1,2,1,1,0
640,3,3,2,1,2,1,1,2,1,1,1
641,7,3,1,2,2,1,2,2,1,1,0
642,2,1,2,1,3,1,1,2,1,1,0
643,3,3,2,1,3,1,2,2,1,1,0
644,4,4,3,1,3,1,1,2,1,1,0
645,5,4,3,2,2,1,2,2,1,1,0
646,4,2,3,2,3,2,2,2,1,1,0
647,3,3,2,1,3,1,1,2,1,1,1
648,7,3,1,1,2,1,2,2,1,1,0
649,3,4,2,1,2,1,2,2,1,1,0
650,3,2,2,1,2,1,2,2,1,1,0
651,3,4,3,1,2,1,2,2,1,1,0
652,2,1,2,1,2,1,2,2,1,1,0
653,4,4,3,2,3,1,1,2,1,1,0
654,3,2,2,1,3,1,1,2,1,1,0
655,2,1,2,1,3,1,1,2,1,1,0
656,7,3,1,1,2,1,2,2,1,1,0
657,3,4,2,1,3,1,2,2,1,1,0
658,4,2,3,1,2,1,2,2,1,1,0
659,3,2,2,1,2,1,2,2,1,1,0
660,2,1,3,1,3,1,2,2,1,1,0
661,4,4,3,2,3,3,2,2,1,1,1
662,4,2,2,1,3,1,1,2,1,1,1
663,2,1,2,1,3,1,1,2,1,1,0
664,4,2,2,1,3,1,1,2,1,1,0
665,7,4,1,1,2,1,2,2,1,1,0
666,2,1,2,1,1,1,2,2,1,1,0
667,3,4,2,1,2,1,2,2,1,1,0
668,4,4,3,1,2,1,2,2,1,1,1
669,3,2,2,1,1,1,1,2,1,1,0
670,3,2,2,1,1,1,1,2,1,1,0
671,7,4,1,1,2,1,2,2,1,1,0
672,3,2,2,1,2,1,2,2,1,1,0
673,4,3,2,2,3,1,2,2,1,1,1
674,2,1,2,2,3,1,1,2,1,1,0
675,3,3,2,1,3,1,1,2,1,1,0
676,2,1,2,1,3,1,1,2,1,1,0
677,2,1,2,1,3,1,1,2,1,1,0
678,7,3,1,1,2,1,2,2,1,1,0
679,4,4,3,2,2,1,2,2,1,1,1
680,7,2,1,1,2,1,1,2,1,1,0
681,4,2,2,1,2,1,1,2,1,1,0
682,7,2,1,1,2,1,1,2,1,1,0
683,7,3,1,1,2,1,1,1,1,1,0
684,7,3,1,1,3,1,2,2,1,1,0
685,4,6,3,2,3,2,2,2,1,1,1
686,2,1,2,1,2,1,1,2,1,1,0
687,2,1,3,1,2,1,1,2,1,1,0
688,2,1,2,1,2,1,1,2,1,1,0
689,7,3,1,1,2,1,1,1,1,1,0
690,2,1,2,1,3,1,1,2,1,1,0
691,7,3,1,1,2,1,1,1,1,1,1
692,4,6,3,1,3,1,2,2,1,1,1
693,2,1,2,1,1,1,1,2,1,1,0
694,2,1,2,1,3,1,1,2,1,1,0
695,7,3,1,1,2,1,1,1,1,1,0
696,3,3,2,2,3,3,1,2,1,1,1
697,2,1,2,1,3,1,1,2,1,1,0
698,4,2,2,1,2,1,1,2,1,1,0
699,4,6,3,2,3,1,2,2,1,1,1
700,2,1,2,1,3,1,1,2,1,1,0
701,7,3,1,1,2,1,1,1,1,1,0
702,3,3,2,1,3,1,1,2,1,1,0
703,2,1,2,1,3,1,1,2,1,1,0
704,4,2,2,1,3,1,1,2,1,1,0
705,3,2,2,1,3,1,1,2,1,1,0
706,4,2,2,1,3,1,1,2,1,1,0
707,4,6,3,2,2,1,2,2,1,1,1
708,4,4,3,1,3,1,1,2,1,1,0
709,7,3,1,1,2,1,1,1,1,1,0
710,3,3,2,2,2,2,1,2,1,1,0
711,4,2,2,1,2,1,1,2,1,1,0
712,2,1,2,1,2,1,1,2,1,1,0
713,2,1,2,1,2,1,1,2,1,1,0
714,2,1,2,1,3,1,1,2,1,1,1
715,2,1,2,1,3,1,1,2,1,1,0
716,4,3,2,1,2,1,1,2,1,1,1
717,4,4,3,2,2,3,2,2,1,1,0
718,4,3,2,1,3,1,1,2,1,1,1
719,4,4,3,1,2,1,2,2,1,1,0
720,3,3,2,1,3,1,1,2,1,1,0
721,7,2,1,1,3,1,1,2,1,1,0
722,3,2,2,1,3,1,1,2,1,1,0
723,2,1,2,1,2,1,1,2,1,1,0
724,2,1,2,1,3,1,1,2,1,1,0
725,4,4,3,1,3,1,1,2,1,1,0
726,7,3,1,1,2,1,1,1,1,1,0
727,3,2,2,1,3,1,1,2,1,1,1
728,7,4,1,1,1,1,2,2,1,1,0
729,7,3,1,1,1,1,1,2,1,1,0
730,4,4,3,1,3,1,2,2,1,1,0
731,7,3,1,1,1,1,1,2,1,1,0
732,3,3,2,1,2,1,1,2,1,1,0
733,4,2,2,1,2,1,1,2,1,1,1
734,4,3,3,2,3,1,1,2,1,1,0
735,4,4,4,2,3,1,2,2,1,1,0
736,7,3,1,1,3,1,1,1,1,1,0
737,4,2,2,1,2,1,1,2,1,1,0
738,3,4,2,1,3,1,1,2,1,1,0
739,4,2,2,1,3,1,1,2,1,1,0
740,7,3,1,1,3,1,1,2,1,1,0
741,7,3,1,1,2,1,1,1,1,1,0
742,2,1,2,1,2,1,1,2,1,1,0
743,5,4,3,1,3,1,2,2,1,1,1
744,4,3,2,1,3,1,1,2,1,1,0
745,7,3,1,1,3,1,1,2,1,1,0
746,7,2,1,1,1,1,1,2,1,1,0
747,4,4,2,1,1,1,2,2,1,1,0
748,4,4,3,1,2,1,2,2,1,1,0
749,7,3,1,1,2,1,1,1,1,1,0
750,3,2,2,2,2,1,1,2,1,1,0
751,3,2,2,1,3,1,1,2,1,1,0
752,4,3,3,1,3,1,1,2,1,1,1
753,7,2,1,1,2,1,1,1,1,1,0
754,7,2,1,1,2,1,1,2,1,1,0
755,5,4,4,1,3,1,2,2,1,1,0
756,4,4,2,1,3,1,1,2,1,1,0
757,3,3,2,1,3,1,1,2,1,1,0
758,7,3,1,2,2,1,1,2,1,1,0
759,4,2,2,1,3,1,2,2,1,1,0
760,3,3,2,1,2,1,2,2,1,1,0
761,7,5,1,1,2,1,1,1,1,1,0
762,3,2,2,1,3,1,1,2,1,1,0
763,4,3,3,1,3,1,2,2,1,1,1
764,3,2,2,1,3,1,1,2,1,1,1
765,7,2,1,1,3,1,1,2,1,1,0
766,7,3,1,1,2,1,2,1,1,1,0
767,7,3,1,1,2,1,1,1,1,1,0
768,4,4,2,1,1,1,2,2,1,1,0
769,4,3,3,1,3,1,1,2,1,1,0
770,7,3,1,1,3,1,1,2,1,1,0
771,3,2,3,1,3,1,2,2,1,1,0
772,4,2,3,1,3,1,2,2,1,1,0
773,7,4,1,1,2,1,1,1,1,1,0
774,2,1,2,1,2,1,1,2,1,1,0
775,5,4,3,2,3,1,2,2,1,1,1
776,4,2,2,1,3,1,1,2,1,1,1
777,7,5,1,1,3,1,2,1,1,1,0
778,4,4,3,1,2,1,1,2,1,1,0
779,4,2,2,1,3,1,1,2,1,1,0
780,2,1,2,1,3,1,1,2,1,1,0
781,4,3,3,1,3,1,2,2,1,1,0
782,7,3,1,1,2,1,1,2,1,1,0
783,4,4,3,1,3,1,2,2,1,1,0
784,3,2,2,1,3,1,1,2,1,1,0
785,4,2,2,1,2,1,2,2,1,1,0
786,7,3,1,1,3,1,1,1,1,1,0
787,4,2,2,1,3,1,1,2,1,1,0
788,5,4,3,2,2,1,2,2,1,1,1
789,4,4,3,2,3,3,1,2,1,1,1
790,2,1,2,1,2,1,1,2,1,1,0
791,7,4,1,1,3,1,2,1,1,1,0
792,4,4,3,1,3,1,2,2,1,1,1
793,3,2,2,1,2,1,1,2,1,1,0
794,4,3,2,1,1,1,2,2,1,1,0
795,7,3,1,1,2,1,1,2,1,1,0
796,4,2,2,1,1,1,2,2,1,1,0
797,3,2,2,1,2,1,1,2,1,1,0
798,2,1,2,1,2,1,2,2,1,1,0
799,7,3,1,1,3,1,1,1,1,1,0
800,3,2,2,1,2,1,1,2,1,1,0
801,5,4,2,2,2,1,2,2,1,1,1
802,5,4,3,1,3,1,2,2,1,1,0
803,7,4,1,1,3,1,2,1,1,1,0
804,4,4,3,2,3,1,2,2,1,1,1
805,3,2,2,1,3,1,1,2,1,1,0
806,4,3,2,1,2,1,2,2,1,1,0
807,7,3,1,1,2,1,1,2,1,1,0
808,4,2,2,1,3,1,2,2,1,1,0
809,7,3,1,1,2,1,1,1,1,1,0
810,3,4,2,1,1,1,1,2,1,1,0
811,5,4,3,1,2,1,2,2,1,1,0
812,5,4,4,2,2,1,2,2,1,1,0
813,7,4,1,1,2,1,2,1,1,1,0
814,4,4,4,2,2,3,2,2,1,1,0
815,5,3,3,1,2,1,2,2,1,1,0
816,7,2,1,1,2,1,1,1,1,1,0
817,7,3,1,1,3,1,1,2,1,1,0
818,4,4,3,1,3,1,2,2,1,1,1
819,7,3,1,1,3,1,1,1,1,1,0
820,5,4,2,2,3,1,2,2,1,1,0
821,5,4,2,1,2,1,2,2,1,1,1
822,3,4,2,1,2,1,2,2,1,1,0
823,4,4,4,1,2,1,2,2,1,1,0
824,5,3,3,1,3,1,2,2,1,1,1
825,7,2,1,1,3,1,1,1,1,1,0
826,4,2,3,1,3,1,1,2,1,1,1
827,7,3,1,1,3,1,1,1,1,1,0
828,7,3,1,1,3,1,2,1,1,1,0
829,4,3,3,1,3,1,2,2,1,1,0
830,7,3,1,1,2,1,1,1,1,1,0
831,7,4,1,1,2,1,2,2,1,1,0
832,6,4,3,1,2,1,2,2,1,1,1
833,3,4,2,1,3,1,2,2,1,1,0
834,3,4,3,1,2,1,2,2,1,1,0
835,5,4,3,1,3,1,2,2,1,1,0
836,7,3,1,1,2,1,1,1,1,1,1
837,4,2,3,2,3,1,2,2,1,1,1
838,7,3,1,1,2,1,2,1,1,1,0
839,2,1,2,1,3,1,1,2,1,1,0
840,4,3,2,1,1,3,2,2,1,1,0
841,7,3,1,1,2,1,1,1,1,1,0
842,6,4,3,2,2,1,2,2,1,1,1
843,3,2,2,1,2,1,2,2,1,1,0
844,5,4,3,2,3,3,2,2,1,1,1
845,7,3,1,1,3,1,1,1,1,1,0
846,3,4,3,1,2,1,2,2,1,1,0
847,7,3,1,1,2,1,2,1,1,1,0
848,4,2,3,1,3,1,1,2,1,1,0
849,3,2,2,1,3,1,1,2,1,1,0
850,7,3,1,1,2,1,1,1,1,1,0
851,6,4,3,2,2,1,2,2,1,1,0
852,3,2,2,1,2,1,2,2,1,1,0
853,7,3,1,1,3,1,2,2,1,1,1
854,5,4,3,1,3,1,2,2,1,1,0
855,7,3,1,2,2,1,1,1,1,1,1
856,3,4,3,2,3,1,2,2,1,1,0
857,7,3,1,1,2,1,2,1,1,1,0
858,4,2,3,1,3,1,2,2,1,1,0
859,3,2,2,1,3,1,1,2,1,1,0
860,7,3,1,1,2,1,1,1,1,1,0
861,6,4,3,1,1,1,2,2,1,1,0
862,7,2,1,1,1,1,2,2,1,1,0
863,7,3,1,2,3,1,2,2,1,1,0
864,5,3,3,2,2,1,2,2,1,1,1
865,7,3,1,1,3,1,1,1,1,1,0
866,4,2,3,1,2,1,2,2,1,1,0
867,7,2,1,1,2,1,2,1,1,1,0
868,4,4,2,1,2,1,2,2,1,1,0
869,7,2,1,1,1,1,1,2,1,1,0
870,2,1,2,1,2,1,1,2,1,1,0
871,7,3,1,1,2,1,2,1,1,1,0
872,7,3,1,1,2,1,2,2,1,1,0
873,5,3,3,2,2,1,2,2,1,1,0
874,3,3,2,2,2,1,1,2,1,1,0
875,3,2,2,1,1,1,2,2,1,1,0
876,7,3,1,1,2,1,2,1,1,1,0
877,2,1,2,1,3,1,1,2,1,1,0
878,7,3,1,1,3,1,1,1,1,1,0
879,7,3,1,1,2,1,2,2,1,1,0
880,4,4,3,2,2,1,2,2,1,1,1
881,7,3,1,1,2,1,1,2,1,1,0
882,2,1,2,1,2,1,2,2,1,1,0
883,7,3,1,1,2,1,2,1,1,1,0
884,3,2,2,1,3,1,1,2,1,1,0
885,4,3,2,2,3,1,2,2,1,1,0
886,4,5,2,1,3,1,1,2,1,1,0
887,4,2,2,1,3,1,1,2,1,1,0
888,3,3,2,1,2,1,1,2,1,1,0
889,7,3,1,1,2,1,2,2,1,1,0
890,4,4,3,1,2,1,2,2,1,1,0
891,7,3,1,1,2,1,1,2,1,1,0
892,7,2,1,1,2,1,2,1,1,1,0
893,3,3,2,1,3,1,2,2,1,1,0
894,3,3,3,1,3,1,1,2,1,1,0
895,7,2,1,1,2,1,1,2,1,1,0
896,3,3,2,1,3,1,1,2,1,1,0
897,7,3,1,1,2,1,2,2,1,1,0
898,4,4,2,1,3,1,2,2,1,1,0
899,7,3,1,1,2,1,1,2,1,1,0
900,7,2,1,1,3,1,2,1,1,1,0
901,2,1,2,1,3,1,1,2,1,1,0
902,3,3,2,1,2,1,2,2,1,1,1
903,3,3,2,1,2,1,1,2,1,1,0
904,3,2,2,1,3,1,1,2,1,1,0
905,3,3,2,1,1,1,1,2,1,1,0
906,2,1,2,1,3,1,1,2,1,1,0
907,3,3,2,1,2,1,1,2,1,1,1
908,4,4,3,1,3,1,2,2,1,1,1
909,7,3,1,1,2,1,1,2,1,1,0
910,7,3,1,1,3,1,2,1,1,1,0
911,3,3,2,1,3,1,1,2,1,1,1
912,3,3,2,1,3,1,2,2,1,1,1
913,7,3,1,1,3,1,1,2,1,1,1
914,3,2,2,1,2,1,1,2,1,1,0
915,4,3,2,1,3,1,1,2,1,1,0
916,7,3,1,2,3,1,1,2,1,1,0
917,7,3,1,1,3,1,1,2,1,1,0
918,4,4,2,1,2,1,2,2,1,1,1
919,7,3,1,1,2,1,1,2,1,1,0
920,7,3,1,1,2,1,2,1,1,1,0
921,4,3,3,1,3,1,1,2,1,1,0
922,4,4,3,2,2,1,2,2,1,1,1
923,6,3,2,2,2,1,1,2,1,1,0
924,7,2,1,1,2,1,1,2,1,1,0
925,3,2,3,1,2,1,1,2,1,1,1
926,7,3,1,1,2,1,1,2,1,1,0
927,7,3,1,1,2,1,1,2,1,1,0
928,4,4,2,1,3,1,2,2,1,1,0
929,4,4,3,2,2,1,2,2,1,1,1
930,4,3,2,2,2,3,2,2,1,1,0
931,6,5,2,1,2,1,1,2,1,1,0
932,3,2,2,1,3,1,1,2,1,1,0
933,4,2,3,1,3,1,1,2,1,1,0
934,3,3,2,1,2,1,1,2,1,1,0
935,7,2,1,1,2,1,1,2,1,1,0
936,7,2,1,1,3,1,1,1,1,1,0
937,4,3,2,1,3,1,1,2,1,1,0
938,4,3,3,1,1,1,2,2,1,1,0
939,3,2,3,1,2,1,2,2,1,1,1
940,3,3,2,1,3,1,1,2,1,1,0
941,2,1,3,2,2,1,2,2,1,1,0
942,7,3,1,1,3,1,1,2,1,1,0
943,2,1,2,1,3,1,1,2,1,1,0
944,3,3,3,1,3,1,1,2,1,1,0
945,7,2,1,2,1,1,2,2,1,1,0
946,3,3,2,1,2,1,2,2,1,1,0
947,7,3,1,1,2,1,1,2,1,1,0
948,2,1,3,1,2,1,2,2,1,1,1
949,3,3,2,1,2,1,1,2,1,1,0
950,2,1,2,1,3,1,1,2,1,1,0
951,4,4,2,1,3,1,1,2,1,1,0
952,3,3,2,1,2,1,1,2,1,1,0
953,2,1,2,1,3,1,1,2,1,1,0
954,3,3,2,2,2,1,2,2,1,1,0
955,3,3,3,1,3,1,1,2,1,1,0
956,3,2,2,1,2,1,2,2,1,1,0
957,3,3,2,1,3,1,1,2,1,1,0
958,4,4,3,1,2,1,1,2,1,1,0
959,5,4,3,1,3,1,1,2,1,1,0
960,7,2,1,1,3,1,1,2,1,1,0
961,3,2,2,1,3,1,1,2,1,1,0
962,7,3,1,1,1,1,2,2,1,1,0
963,4,3,2,1,2,1,1,2,1,1,0
964,3,3,2,2,3,1,2,2,1,1,0
965,3,3,2,1,3,1,1,2,1,1,0
966,4,4,2,1,2,1,2,2,1,1,0
967,6,3,3,1,3,1,2,2,1,1,1
968,4,4,3,1,2,1,1,2,1,1,0
969,3,2,2,1,3,1,1,2,1,1,0
970,4,4,3,1,3,1,1,2,1,1,1
971,5,3,2,1,3,1,1,2,1,1,1
972,7,3,1,1,2,1,2,2,1,1,0
973,3,3,2,1,2,1,1,2,1,1,0
974,7,3,1,1,1,1,1,2,1,1,0
975,3,3,2,1,3,1,2,2,1,1,0
976,6,3,3,1,3,1,2,2,1,1,1
977,4,2,2,1,2,1,2,2,1,1,0
978,4,4,3,2,3,1,2,2,1,1,0
979,4,2,4,2,3,1,1,2,1,1,1
980,7,6,1,1,3,1,1,1,1,1,0
981,3,2,2,1,2,1,1,2,1,1,0
982,7,3,1,1,2,1,1,2,1,1,0
983,7,4,1,1,1,1,2,2,1,1,0
984,6,3,3,2,2,1,2,2,1,1,0
985,2,1,2,1,2,1,2,2,1,1,0
986,4,3,3,1,2,1,2,2,1,1,0
987,5,5,4,2,3,1,2,2,1,1,0
988,2,1,2,1,2,1,1,2,1,1,0
989,3,5,2,1,3,1,2,2,1,1,0
990,2,1,2,1,3,1,1,2,1,1,0
991,7,2,1,1,2,1,1,2,1,1,0
992,7,2,1,1,3,1,2,2,1,1,0
993,6,2,3,1,2,1,2,2,1,1,1
994,7,3,1,1,1,1,2,2,1,1,0
995,4,4,3,1,3,1,2,2,1,1,1
996,5,6,3,2,3,1,2,2,2,1,1
997,6,5,2,1,2,1,2,2,1,1,1
998,2,1,2,1,3,1,1,2,1,1,0
999,7,2,1,1,2,1,1,2,1,1,0
1000,2,1,2,1,2,1,2,2,1,1,0
1001,4,4,3,1,2,1,2,2,1,1,1
1002,6,6,3,1,2,1,2,2,1,1,1
1003,5,5,2,2,2,1,2,2,1,1,1
1004,2,1,3,1,3,1,1,2,1,1,0
1005,7,3,1,1,2,1,2,1,1,1,0
1006,7,2,1,1,2,1,1,2,1,1,0
1007,2,1,2,1,1,1,2,2,1,1,0
1008,4,3,3,2,2,1,2,2,1,1,1
1009,5,6,3,2,2,1,2,2,1,1,1
1010,6,5,2,1,3,1,2,2,1,1,0
1011,3,2,2,1,3,1,1,2,1,1,0
1012,3,3,2,1,3,1,2,2,1,1,0
1013,7,2,1,1,1,1,2,2,1,1,0
1014,2,1,3,1,1,1,2,2,1,1,0
1015,6,6,3,1,2,1,2,2,1,1,1
1016,4,5,3,2,3,1,2,2,1,1,0
1017,3,2,2,1,2,1,1,2,1,1,0
1018,7,3,1,1,3,1,2,2,1,1,0
1019,7,2,1,1,2,1,1,2,1,1,0
1020,2,1,2,1,3,1,1,2,1,1,0
1021,7,3,1,1,3,1,1,1,1,1,0
1022,7,2,1,1,3,1,2,2,1,1,0
1023,6,4,3,2,3,1,2,2,2,1,1
1024,5,5,3,1,3,1,2,2,1,1,1
1025,7,3,1,1,2,1,2,2,1,1,0
1026,7,2,1,1,2,1,1,2,1,1,0
1027,7,3,1,1,3,1,1,1,1,1,0
1028,7,2,1,1,3,1,2,2,1,1,0
1029,6,4,3,2,3,1,2,2,1,1,0
1030,5,5,3,1,3,1,2,2,1,1,1
1031,7,3,1,1,3,1,2,2,1,1,0
1032,7,2,1,1,3,1,1,2,1,1,0
1033,7,3,1,1,3,1,1,1,1,1,0
1034,2,1,2,1,3,1,1,2,1,1,0
1035,6,4,3,2,2,3,2,2,1,1,0
1036,5,5,2,2,2,2,2,2,1,1,0
1037,7,3,1,1,2,1,2,2,1,1,0
1038,7,2,1,1,2,1,1,2,1,1,0
1039,3,3,3,1,3,1,1,2,1,1,0
1040,6,4,3,1,2,1,2,2,1,1,1
1041,5,5,2,2,2,1,2,2,1,1,1
1042,7,3,1,1,3,1,2,2,1,1,0
1043,7,2,1,1,3,1,1,2,1,1,0
1044,4,3,3,1,3,1,1,2,1,1,0
1045,6,4,3,1,2,1,2,2,1,1,0
1046,5,4,2,1,2,1,2,2,1,1,1
1047,7,3,1,1,3,1,2,2,1,1,0
1048,4,3,3,1,3,1,2,2,1,1,0
1049,3,2,2,1,2,1,1,2,1,1,0
1050,2,1,2,1,3,1,1,2,1,1,0
1051,6,4,3,2,2,1,2,2,1,1,1
1052,7,3,1,1,3,1,2,2,1,1,0
1053,4,4,2,1,3,1,2,2,1,1,0
1054,2,1,2,1,3,1,1,2,1,1,0
1055,2,1,2,1,2,1,1,2,1,1,0
1056,2,1,2,1,2,1,1,2,1,1,0
1057,2,1,3,1,3,1,1,2,1,1,0
1058,5,3,2,1,1,1,2,2,1,1,0
1059,4,4,3,1,3,1,2,2,1,1,0
1060,7,2,1,1,3,1,1,2,1,1,0
1061,3,2,2,1,3,1,1,2,1,1,0
1062,2,1,2,1,3,1,1,2,1,1,0
1063,7,3,1,1,2,1,2,1,1,1,0
1064,7,2,1,2,2,1,2,2,1,1,0
1065,3,3,2,1,3,1,1,2,1,1,0
1066,4,4,3,1,3,1,2,2,1,1,0
1067,7,2,1,1,2,1,1,2,1,1,0
1068,2,1,2,1,2,1,1,2,1,1,0
1069,3,2,2,1,2,1,1,2,1,1,0
1070,7,3,1,1,2,1,2,1,1,1,0
1071,2,1,3,1,3,1,1,2,1,1,0
1072,7,3,1,1,2,1,1,1,1,1,0
1073,7,4,1,1,2,1,1,2,1,1,0
1074,3,4,2,1,2,1,2,2,1,1,0
1075,2,1,2,1,3,1,1,2,1,1,0
1076,2,1,3,1,3,1,1,2,1,1,0
1077,2,1,2,1,3,1,1,2,1,1,0
1078,7,3,1,1,3,1,2,1,1,1,0
1079,3,2,2,1,3,1,1,2,1,1,0
1080,3,3,2,1,3,1,1,2,1,1,0
1081,7,4,1,1,3,1,1,2,1,1,0
1082,5,4,2,1,3,1,2,2,1,1,0
1083,2,1,2,1,3,1,1,2,1,1,0
1084,7,3,1,1,2,1,2,1,1,1,0
1085,3,2,2,1,2,1,1,2,1,1,0
1086,7,3,1,1,3,1,1,2,1,1,0
1087,3,4,2,1,2,1,2,2,1,1,0
1088,3,2,2,1,3,1,1,2,1,1,0
1089,7,3,1,1,2,1,2,1,1,1,0
1090,7,2,1,1,1,1,1,2,1,1,1
1091,7,3,1,1,1,1,1,2,1,1,0
1092,3,3,3,1,3,1,1,2,1,1,1
1093,7,4,1,1,3,1,2,1,1,1,0
1094,2,1,3,1,2,1,1,2,1,1,0
1095,7,3,1,1,2,1,1,2,1,1,0
1096,2,1,2,2,2,1,2,2,1,1,1
1097,3,3,2,1,2,1,1,2,1,1,0
1098,3,4,2,1,3,1,2,2,1,1,0
1099,2,1,2,2,2,1,1,2,1,1,0
1100,7,3,1,1,2,1,1,2,1,1,0
1101,7,2,1,1,2,1,1,2,1,1,0
1102,3,2,2,1,3,1,1,2,1,1,0
1103,2,1,2,1,3,1,1,2,1,1,0
1104,3,3,2,2,2,1,1,2,1,1,0
1105,7,4,1,1,2,1,2,2,1,1,0
1106,2,1,2,1,1,1,1,2,1,1,0
1107,7,3,1,1,2,1,1,2,1,1,0
1108,2,1,2,1,3,1,1,2,1,1,0
1109,7,2,1,1,2,1,1,2,1,1,0
1110,3,2,2,1,2,1,1,2,1,1,0
1111,7,4,1,1,2,1,2,2,1,1,0
1112,7,5,1,1,3,1,1,2,1,1,0
1113,2,1,2,1,1,1,1,2,1,1,0
1114,7,2,1,1,1,1,1,2,1,1,0
1115,7,3,1,1,2,1,1,2,1,1,1
1116,3,2,2,1,3,1,1,2,1,1,0
1117,7,4,1,1,3,1,2,2,1,1,0
1118,7,5,1,1,2,1,1,2,1,1,0
1119,2,1,2,1,3,1,1,2,1,1,0
1120,7,3,1,1,2,1,1,2,1,1,1
1121,3,2,2,1,2,1,1,2,1,1,0
1122,2,1,2,1,1,1,2,2,1,1,0
1123,7,3,1,1,2,1,1,2,1,1,0
1124,3,3,2,2,2,1,1,2,1,1,0
1125,2,1,2,1,3,1,1,2,1,1,1
1126,3,3,2,1,2,1,1,2,1,1,0
1127,2,1,2,1,2,1,2,2,1,1,0
1128,7,3,1,1,3,1,1,2,1,1,0
1129,3,3,2,2,3,1,1,2,1,1,0
1130,2,1,2,2,3,1,1,2,1,1,0
1131,3,3,2,1,3,1,1,2,1,1,0
1132,2,1,2,1,2,1,1,2,1,1,0
1133,7,3,1,1,3,1,1,1,1,1,0
1134,7,4,1,1,3,1,1,1,1,1,0
1135,7,4,1,1,3,1,1,1,1,1,0
1136,7,4,1,1,2,1,1,1,1,1,0
1137,7,4,1,1,2,1,1,1,1,1,0
1138,7,3,1,1,3,1,1,2,1,1,0
1139,4,4,3,1,3,1,2,2,1,1,1
1140,7,3,1,1,2,1,1,2,1,1,0
1141,4,2,2,1,2,1,1,2,1,1,1
1142,4,4,3,1,3,1,1,2,1,1,1
1143,3,4,2,1,3,1,1,2,1,1,0
1144,7,3,1,1,2,1,1,1,1,1,0
1145,7,3,1,1,2,1,1,1,1,1,0
1146,3,3,2,1,3,1,1,2,1,1,0
1147,2,1,2,1,3,1,1,2,1,1,0
1148,7,3,1,1,2,1,1,1,1,1,0
1149,7,3,1,1,3,1,1,2,1,1,0
1150,4,4,3,1,3,1,2,2,1,1,1
1151,7,3,1,1,2,1,1,2,1,1,0
1152,4,2,2,1,3,1,1,2,1,1,0
1153,4,4,3,1,3,1,2,2,1,1,1
1154,3,4,2,1,3,1,1,2,1,1,0
1155,7,3,1,1,2,1,1,1,1,1,0
1156,7,3,1,1,2,1,1,1,1,1,0
1157,7,3,1,1,2,1,1,2,1,1,0
1158,7,3,1,1,3,1,1,1,1,1,1
1159,4,5,2,1,3,1,2,2,1,1,0
1160,7,3,1,1,2,1,1,2,1,1,0
1161,3,2,2,2,2,1,1,2,1,1,0
1162,4,3,2,2,2,2,2,2,1,1,1
1163,3,2,2,1,2,1,1,2,1,1,0
1164,7,3,1,1,3,1,1,1,1,1,0
1165,7,3,1,1,3,1,1,1,1,1,0
1166,3,3,2,1,3,1,1,2,1,1,1
1167,6,4,3,1,3,1,1,2,1,1,0
1168,5,3,2,1,2,1,2,2,1,1,0
1169,7,3,1,1,2,1,1,2,1,1,0
1170,4,2,2,1,2,1,1,2,1,1,0
1171,3,3,2,2,2,3,2,2,1,1,0
1172,7,3,1,1,1,1,1,2,1,1,0
1173,4,3,2,1,1,1,1,2,1,1,0
1174,3,3,2,1,3,1,1,2,1,1,0
1175,4,4,3,2,3,1,1,2,1,1,1
1176,3,4,2,1,3,1,2,2,1,1,0
1177,7,3,1,1,2,1,2,1,1,1,0
1178,7,3,1,1,2,1,1,2,1,1,0
1179,3,2,2,1,2,1,1,2,1,1,0
1180,7,3,1,1,1,2,2,2,1,1,0
1181,3,3,2,1,3,1,1,2,1,1,0
1182,3,3,2,1,3,1,1,2,1,1,0
1183,4,6,3,2,3,1,2,2,1,1,1
1184,5,4,3,1,3,1,2,2,1,1,1
1185,7,3,1,1,2,1,2,1,1,1,0
1186,3,2,2,1,3,1,1,2,1,1,0
1187,7,3,1,1,3,1,1,2,1,1,0
1188,3,2,2,1,2,1,1,2,1,1,0
1189,7,3,1,1,3,1,2,2,1,1,0
1190,3,3,2,1,2,1,1,2,1,1,0
1191,3,3,2,1,2,1,1,2,1,1,0
1192,4,6,3,2,3,1,2,2,1,1,0
1193,5,4,3,1,2,1,2,2,1,1,0
1194,7,3,1,1,3,1,2,1,1,1,0
1195,3,2,2,1,3,1,1,2,1,1,0
1196,2,1,2,1,3,1,1,2,1,1,0
1197,2,1,2,1,2,1,1,2,1,1,1
1198,7,3,1,1,2,1,1,2,1,1,0
1199,7,2,1,1,1,1,1,2,1,1,0
1200,7,3,1,1,2,1,2,2,1,1,0
1201,7,3,1,1,1,1,1,2,1,1,0
1202,7,3,1,1,2,1,1,2,1,1,0
1203,4,4,3,2,2,1,2,2,1,1,1
1204,4,3,3,2,3,1,2,2,1,1,0
1205,7,3,1,1,2,1,2,1,1,1,0
1206,3,2,2,1,2,1,1,2,1,1,0
1207,4,2,2,1,3,1,1,2,1,1,0
1208,4,3,2,1,3,1,1,2,1,1,1
1209,7,3,1,1,2,1,2,2,1,1,0
1210,7,3,1,1,2,1,1,2,1,1,0
1211,7,3,1,1,1,1,1,2,1,1,0
1212,4,3,2,1,2,1,2,2,1,1,1
1213,4,3,2,1,2,1,2,2,1,1,0
1214,7,3,1,1,2,1,2,1,1,1,0
1215,4,3,2,1,3,1,1,2,1,1,0
1216,5,3,2,2,3,3,1,2,1,1,0
1217,2,1,2,1,3,1,1,2,1,1,0
1218,7,3,1,1,3,1,2,2,1,1,0
1219,7,3,1,1,2,1,1,2,1,1,0
1220,7,3,1,1,2,1,1,2,1,1,0
1221,4,6,3,2,2,1,2,2,1,1,1
1222,3,3,2,1,2,1,2,2,1,1,0
1223,7,3,1,1,3,1,2,1,1,1,0
1224,2,1,2,1,3,1,1,2,1,1,0
1225,4,4,3,1,3,1,1,2,1,1,1
1226,3,3,2,2,2,2,1,2,1,1,0
1227,4,2,2,1,3,1,1,2,1,1,0
1228,7,3,1,1,2,1,2,2,1,1,0
1229,7,3,1,1,2,1,1,2,1,1,0
1230,7,3,1,1,3,1,1,2,1,1,0
1231,4,6,3,2,2,1,2,2,1,1,0
1232,3,3,2,1,2,1,2,2,1,1,0
1233,7,3,1,1,3,1,2,1,1,1,0
1234,2,1,2,1,1,1,1,2,1,1,0
1235,4,4,3,1,3,1,2,2,1,1,0
1236,3,3,2,1,2,1,1,2,1,1,0
1237,4,2,2,1,3,1,1,2,1,1,0
1238,7,3,1,1,2,1,2,2,1,1,0
1239,7,3,1,1,2,1,1,2,1,1,0
1240,5,4,2,1,2,1,2,2,1,1,1
1241,3,3,2,1,1,1,2,2,1,1,0
1242,7,3,1,1,3,1,2,1,1,1,0
1243,7,2,1,1,2,1,1,2,1,1,0
1244,5,4,4,2,2,1,2,2,1,1,0
1245,4,4,3,1,3,1,1,2,1,1,0
1246,4,4,3,1,3,1,1,2,1,1,0
1247,5,3,3,1,3,1,1,2,1,1,0
1248,4,3,3,1,3,1,1,2,1,1,0
1249,7,3,1,1,2,1,1,2,1,1,0
1250,3,4,2,2,2,3,2,2,1,1,0
1251,3,3,2,1,3,1,2,2,1,1,0
1252,7,3,1,1,2,1,2,1,1,1,0
1253,7,2,1,1,3,1,1,2,1,1,0
1254,5,4,3,1,2,1,2,2,1,1,0
1255,4,6,3,1,3,1,2,2,1,1,1
1256,4,4,2,1,3,1,2,2,1,1,0
1257,5,6,3,1,3,1,2,2,2,1,0
1258,4,6,3,1,3,1,2,2,1,1,0
1259,7,2,1,1,3,1,1,2,1,1,0
1260,7,3,1,1,3,1,1,1,1,1,0
1261,3,4,2,1,2,1,2,2,1,1,0
1262,3,3,2,1,2,1,2,2,1,1,0
1263,7,3,1,1,3,1,2,1,1,1,0
1264,4,6,3,2,2,1,2,2,1,1,0
1265,2,1,2,1,2,1,2,2,1,1,0
1266,5,6,3,1,2,1,2,2,1,1,1
1267,4,6,3,1,3,1,2,2,1,1,1
1268,7,2,1,1,3,1,1,2,1,1,1
1269,7,3,1,1,3,1,1,1,1,1,0
1270,7,3,1,1,1,1,2,2,1,1,0
1271,7,3,1,1,3,1,2,1,1,1,0
1272,4,4,3,1,2,1,2,2,1,1,0
1273,6,6,4,1,2,1,2,2,2,1,1
1274,5,6,4,2,3,1,2,2,2,1,0
1275,4,4,3,1,3,1,1,2,1,1,1
1276,3,2,2,1,3,1,1,2,1,1,0
1277,7,2,1,1,2,1,1,2,1,1,0
1278,2,1,2,1,3,1,1,2,1,1,0
1279,7,3,1,1,2,1,2,1,1,1,0
1280,4,4,3,1,2,1,2,2,1,1,1
1281,5,6,4,2,2,3,2,2,2,1,0
1282,6,6,4,1,3,1,2,2,2,1,0
1283,4,6,4,2,3,1,2,2,2,1,1
1284,3,3,3,1,2,1,1,2,1,1,0
1285,7,3,1,1,3,1,1,2,1,1,0
1286,4,4,3,1,3,1,1,2,1,1,0
1287,4,3,2,1,3,1,1,2,1,1,0
1288,7,3,1,1,2,1,1,1,1,1,0
1289,2,1,2,1,3,1,1,2,1,1,0
1290,7,3,1,1,2,1,2,1,1,1,0
1291,4,3,2,1,1,1,2,2,1,1,0
1292,5,6,4,2,3,3,2,2,2,1,1
1293,6,6,3,1,2,1,2,2,2,1,0
1294,5,6,4,2,3,3,2,2,2,1,1
1295,3,2,3,1,2,1,1,2,1,1,0
1296,2,3,2,1,3,1,1,2,1,1,0
1297,4,4,2,1,3,1,2,2,1,1,1
1298,3,2,2,1,3,1,1,2,1,1,0
1299,7,3,1,1,3,1,1,1,1,1,0
1300,3,2,2,1,2,1,1,2,1,1,0
1301,7,3,1,1,2,1,2,1,1,1,0
1302,7,3,1,2,2,1,2,2,1,1,0
1303,5,6,4,2,2,3,2,2,2,1,1
1304,5,6,3,1,3,1,2,2,2,1,1
1305,5,6,4,2,2,3,2,2,2,1,0
1306,2,3,2,1,2,1,1,2,1,1,0
1307,5,4,3,1,3,1,2,2,1,1,0
1308,4,2,3,1,3,1,1,2,1,1,0
1309,7,3,1,1,2,1,1,1,1,1,0
1310,3,2,2,1,3,1,1,2,1,1,0
1311,7,3,1,1,3,1,2,2,1,1,0
1312,5,6,4,2,2,2,2,2,2,1,1
1313,5,4,3,1,2,1,2,2,1,1,1
1314,7,3,1,1,2,1,1,2,1,1,0
1315,5,4,2,2,2,1,2,2,1,1,0
1316,4,2,3,1,3,1,2,2,1,1,0
1317,7,3,1,1,2,1,1,1,1,1,0
1318,7,2,1,1,3,1,1,2,1,1,0
1319,4,3,2,1,3,1,1,2,1,1,0
1320,7,2,1,1,2,1,1,1,1,1,0
1321,5,6,4,2,2,2,2,2,2,1,0
1322,6,3,3,2,2,1,2,2,1,1,1
1323,4,3,3,1,3,1,1,2,1,1,1
1324,7,3,1,1,3,1,1,2,1,1,0
1325,4,3,2,1,3,1,2,2,1,1,0
1326,4,4,3,1,2,1,2,2,1,1,0
1327,7,4,1,1,3,1,1,1,1,1,0
1328,4,3,2,1,2,1,1,2,1,1,0
1329,7,3,1,1,2,1,1,1,1,1,0
1330,3,3,2,1,3,1,1,2,1,1,0
1331,7,3,1,1,2,1,2,1,1,1,0
1332,5,6,4,2,3,1,2,2,2,1,1
1333,6,4,3,2,2,1,2,2,1,1,0
1334,3,3,2,1,2,1,2,2,1,1,0
1335,4,4,3,1,2,1,2,2,1,1,0
1336,7,4,1,1,2,1,1,1,1,1,0
1337,2,1,2,1,3,1,1,2,1,1,0
1338,7,3,1,1,3,1,1,1,1,1,0
1339,4,4,2,1,3,1,1,2,1,1,0
1340,4,5,2,1,3,1,2,2,1,1,0
1341,4,3,2,1,3,1,1,2,1,1,1
1342,5,6,4,2,2,1,2,2,1,1,0
1343,6,4,3,1,2,1,2,2,1,1,0
1344,3,3,2,1,2,1,2,2,1,1,0
1345,4,4,3,1,1,1,2,2,1,1,1
1346,7,4,1,1,2,1,1,1,1,1,0
1347,7,3,1,1,2,1,1,1,1,1,0
1348,4,4,2,1,2,1,1,2,1,1,0
1349,4,5,2,1,3,1,2,2,1,1,0
1350,4,3,2,1,3,1,1,2,1,1,0
1351,7,3,1,1,1,1,2,2,1,1,0
1352,6,3,3,1,3,1,2,2,1,1,0
1353,7,3,1,1,3,1,1,1,1,1,0
1354,2,1,3,1,2,1,1,2,1,1,0
1355,4,5,2,1,2,1,2,2,1,1,0
1356,4,2,2,1,3,1,1,2,1,1,0
1357,4,4,3,2,3,2,1,2,1,1,0
1358,7,3,1,1,2,1,1,1,1,1,0
1359,3,2,2,1,3,1,1,2,1,1,1
1360,3,2,2,1,2,1,1,2,1,1,0
1361,4,5,2,1,2,1,2,2,1,1,0
1362,3,3,2,1,2,1,1,2,1,1,0
1363,5,4,3,1,2,1,2,2,1,1,0
1364,7,3,1,1,2,1,1,1,1,1,1
1365,3,3,2,1,3,1,1,2,1,1,0
1366,7,3,1,1,2,1,1,2,1,1,0
1367,4,3,2,1,3,1,2,2,1,1,0
1368,2,1,2,1,1,1,1,2,1,1,0
1369,5,4,2,1,2,1,2,2,1,1,1
1370,7,3,1,1,3,1,1,1,1,1,1
1371,7,3,1,1,3,1,1,1,1,1,0
1372,7,3,1,1,2,1,1,2,1,1,0
1373,7,3,1,1,2,1,1,2,1,1,1
1374,4,5,2,1,3,1,2,2,1,1,0
1375,5,4,3,2,2,1,2,2,1,1,0
1376,4,3,2,1,3,1,1,2,1,1,0
1377,7,3,1,1,1,1,1,1,1,1,0
1378,7,3,1,1,2,1,1,2,1,1,0
1379,7,3,1,1,2,1,1,2,1,1,1
1380,4,3,2,1,2,1,2,2,1,1,0
1381,7,3,1,1,2,2,2,2,1,1,0
1382,7,3,1,2,2,1,1,2,1,1,0
1383,4,2,2,1,3,1,1,2,1,1,0
1384,7,3,1,1,2,1,1,1,1,1,0
1385,7,3,1,2,2,1,1,2,1,1,0
1386,3,3,2,1,2,1,2,2,1,1,0
1387,7,2,1,1,2,1,1,2,1,1,0
1388,2,1,2,1,1,1,1,2,1,1,0
